{
  "schedule": [
    {
      "date": "2047-05-17",
      "groups": [
        {
          "time": "8:00 am",
          "sessions": [
            {
              "name": "Breakfast Breakfast Breakfast Breakfast Breakfast Breakfast Breakfast Breakfast ",
              "timeStart": "8:00 am",
              "timeEnd": "9:00 am",
              "location": "Main hallway",
              "tracks": ["Food"]
            }
          ]
        },
        {
          "time": "9:00 am",
          "sessions": [
            {
              "name": "Introduction to Appcamp.io",
              "location": "Room 2203",
              "description": "Mobile devices and browsers are now advanced enough that developers can build native-quality mobile apps using open web technologies like HTML5, Javascript, and CSS. In this talk, we’ll provide background on why and how we created Ionic, the design decisions made as we integrated Ionic with Angular, and the performance considerations for mobile platforms that our team had to overcome. We’ll also review new and upcoming Ionic features, and talk about the hidden powers and benefits of combining mobile app development and Angular.",
              "speakerNames": ["Brandy Carney"],
              "timeStart": "9:00 am",
              "timeEnd": "9:30 am",
              "tracks": ["Ionic"]
            },
            {
              "name": "Getting started with Ionic",
              "location": "Room 2202",
              "description": "Mobile devices and browsers are now advanced enough that developers can build native-quality mobile apps using open web technologies like HTML5, Javascript, and CSS. In this talk, we’ll provide background on why and how we created Ionic, the design decisions made as we integrated Ionic with Angular, and the performance considerations for mobile platforms that our team had to overcome. We’ll also review new and upcoming Ionic features, and talk about the hidden powers and benefits of combining mobile app development and Angular.",
              "speakerNames": ["Max Lynch"],
              "timeStart": "9:30 am",
              "timeEnd": "9:45 am",
              "tracks": ["Ionic"]
            },
            {
              "name": "Tooling for Ionic",
              "location": "Room 2201",
              "description": "Mobile devices and browsers are now advanced enough that developers can build native-quality mobile apps using open web technologies like HTML5, Javascript, and CSS. In this talk, we’ll provide background on why and how we created Ionic, the design decisions made as we integrated Ionic with Angular, and the performance considerations for mobile platforms that our team had to overcome. We’ll also review new and upcoming Ionic features, and talk about the hidden powers and benefits of combining mobile app development and Angular.",
              "speakerNames": ["Tim Lancina"],
              "timeStart": "9:45 am",
              "timeEnd": "10:00 am",
              "tracks": ["Tooling"]
            }
          ]
        },
        {
          "time": "10:00 am",
          "sessions": [
            {
              "name": "Migrating to Ionic2",
              "location": "Room 2201",
              "description": "Mobile devices and browsers are now advanced enough that developers can build native-quality mobile apps using open web technologies like HTML5, Javascript, and CSS. In this talk, we’ll provide background on why and how we created Ionic, the design decisions made as we integrated Ionic with Angular, and the performance considerations for mobile platforms that our team had to overcome. We’ll also review new and upcoming Ionic features, and talk about the hidden powers and benefits of combining mobile app development and Angular.",
              "speakerNames": ["Adam Bradley", "Mike Hartington"],
              "timeStart": "10:00 am",
              "timeEnd": "10:15 am",
              "tracks": ["Ionic"]
            },
            {
              "name": "The evolution of Ionicons",
              "location": "Room 2202",
              "description": "Mobile devices and browsers are now advanced enough that developers can build native-quality mobile apps using open web technologies like HTML5, Javascript, and CSS. In this talk, we’ll provide background on why and how we created Ionic, the design decisions made as we integrated Ionic with Angular, and the performance considerations for mobile platforms that our team had to overcome. We’ll also review new and upcoming Ionic features, and talk about the hidden powers and benefits of combining mobile app development and Angular.",
              "speakerNames": ["Ben Sperry", "Adam Bradley"],
              "timeStart": "10:15 am",
              "timeEnd": "10:30 am",
              "tracks": ["Design"]
            },
            {
              "name": "Ionic.io Services",
              "location": "Room 2202",
              "description": "Mobile devices and browsers are now advanced enough that developers can build native-quality mobile apps using open web technologies like HTML5, Javascript, and CSS. In this talk, we’ll provide background on why and how we created Ionic, the design decisions made as we integrated Ionic with Angular, and the performance considerations for mobile platforms that our team had to overcome. We’ll also review new and upcoming Ionic features, and talk about the hidden powers and benefits of combining mobile app development and Angular.",
              "speakerNames": ["Eric Bobbitt"],
              "timeStart": "10:30 am",
              "timeEnd": "11:00 am",
              "tracks": ["Services"]
            }
          ]
        },
        {
          "time": "11:00 am",
          "sessions": [
            {
              "name": "Ionic Workshop",
              "location": "Room 2201",
              "description": "Mobile devices and browsers are now advanced enough that developers can build native-quality mobile apps using open web technologies like HTML5, Javascript, and CSS. In this talk, we’ll provide background on why and how we created Ionic, the design decisions made as we integrated Ionic with Angular, and the performance considerations for mobile platforms that our team had to overcome. We’ll also review new and upcoming Ionic features, and talk about the hidden powers and benefits of combining mobile app development and Angular.",
              "speakerNames": ["Perry Govier", "Mike Hartington"],
              "timeStart": "11:00 am",
              "timeEnd": "11:45 am",
              "tracks": ["Workshop"]
            },
            {
              "name": "Community Interaction",
              "location": "Room 2203",
              "description": "Mobile devices and browsers are now advanced enough that developers can build native-quality mobile apps using open web technologies like HTML5, Javascript, and CSS. In this talk, we’ll provide background on why and how we created Ionic, the design decisions made as we integrated Ionic with Angular, and the performance considerations for mobile platforms that our team had to overcome. We’ll also review new and upcoming Ionic features, and talk about the hidden powers and benefits of combining mobile app development and Angular.",
              "speakerNames": ["Mike Hartington", "Katie Ginder-Vogel"],
              "timeStart": "11:30 am",
              "timeEnd": "11:50 am",
              "tracks": ["Communication"]
            },
            {
              "name": "Navigation in Ionic",
              "location": "Room 2203",
              "description": "Mobile devices and browsers are now advanced enough that developers can build native-quality mobile apps using open web technologies like HTML5, Javascript, and CSS. In this talk, we’ll provide background on why and how we created Ionic, the design decisions made as we integrated Ionic with Angular, and the performance considerations for mobile platforms that our team had to overcome. We’ll also review new and upcoming Ionic features, and talk about the hidden powers and benefits of combining mobile app development and Angular.",
              "speakerNames": ["Tim Lancina", "Adam Bradley"],
              "timeStart": "11:30 am",
              "timeEnd": "12:00 pm",
              "tracks": ["Navigation"]
            }
          ]
        },
        {
          "time": "12:00 pm",
          "sessions": [
            {
              "name": "Lunch",
              "location": "Auditorium",
              "description": "Come grab lunch with all the Ionic fanatics and talk all things Ionic",
              "timeStart": "12:00 pm",
              "timeEnd": "1:00 pm",
              "tracks": ["Food"]
            }
          ]
        },
        {
          "time": "1:00 pm",
          "sessions": [
            {
              "name": "Ionic in the Enterprise",
              "location": "Room 2201",
              "description": "Mobile devices and browsers are now advanced enough that developers can build native-quality mobile apps using open web technologies like HTML5, Javascript, and CSS. In this talk, we’ll provide background on why and how we created Ionic, the design decisions made as we integrated Ionic with Angular, and the performance considerations for mobile platforms that our team had to overcome. We’ll also review new and upcoming Ionic features, and talk about the hidden powers and benefits of combining mobile app development and Angular.",
              "speakerNames": ["Brody Kidd"],
              "timeStart": "1:00 pm",
              "timeEnd": "1:15 pm",
              "tracks": ["Communication"]
            },
            {
              "name": "Ionic Worldwide",
              "location": "Room 2201",
              "description": "Mobile devices and browsers are now advanced enough that developers can build native-quality mobile apps using open web technologies like HTML5, Javascript, and CSS. In this talk, we’ll provide background on why and how we created Ionic, the design decisions made as we integrated Ionic with Angular, and the performance considerations for mobile platforms that our team had to overcome. We’ll also review new and upcoming Ionic features, and talk about the hidden powers and benefits of combining mobile app development and Angular.",
              "speakerNames": ["Katie Ginder-Vogel"],
              "timeStart": "1:15 pm",
              "timeEnd": "1:30 pm",
              "tracks": ["Communication"]
            },
            {
              "name": "The Ionic package service",
              "location": "Room 2203",
              "description": "Mobile devices and browsers are now advanced enough that developers can build native-quality mobile apps using open web technologies like HTML5, Javascript, and CSS. In this talk, we’ll provide background on why and how we created Ionic, the design decisions made as we integrated Ionic with Angular, and the performance considerations for mobile platforms that our team had to overcome. We’ll also review new and upcoming Ionic features, and talk about the hidden powers and benefits of combining mobile app development and Angular.",
              "speakerNames": ["Dan Imhoff", "Rudy Pelrine"],
              "timeStart": "1:30 pm",
              "timeEnd": "2:00 pm",
              "tracks": ["Services"]
            }
          ]
        },
        {
          "time": "2:00 pm",
          "sessions": [
            {
              "name": "Push Notifications in Ionic",
              "location": "Room 2202",
              "description": "Mobile devices and browsers are now advanced enough that developers can build native-quality mobile apps using open web technologies like HTML5, Javascript, and CSS. In this talk, we’ll provide background on why and how we created Ionic, the design decisions made as we integrated Ionic with Angular, and the performance considerations for mobile platforms that our team had to overcome. We’ll also review new and upcoming Ionic features, and talk about the hidden powers and benefits of combining mobile app development and Angular.",
              "speakerNames": ["Rudy Pelrine", "Eric Bobbitt"],
              "timeStart": "2:00 pm",
              "timeEnd": "2:30 pm",
              "tracks": ["Services"]
            },
            {
              "name": "Ionic Documentation",
              "location": "Room 2202",
              "description": "Mobile devices and browsers are now advanced enough that developers can build native-quality mobile apps using open web technologies like HTML5, Javascript, and CSS. In this talk, we’ll provide background on why and how we created Ionic, the design decisions made as we integrated Ionic with Angular, and the performance considerations for mobile platforms that our team had to overcome. We’ll also review new and upcoming Ionic features, and talk about the hidden powers and benefits of combining mobile app development and Angular.",
              "speakerNames": ["Drew Rygh"],
              "timeStart": "2:30 pm",
              "timeEnd": "2:45 pm",
              "tracks": ["Documentation"]
            },
            {
              "name": "UX planning in Ionic",
              "location": "Room 2203",
              "description": "Mobile devices and browsers are now advanced enough that developers can build native-quality mobile apps using open web technologies like HTML5, Javascript, and CSS. In this talk, we’ll provide background on why and how we created Ionic, the design decisions made as we integrated Ionic with Angular, and the performance considerations for mobile platforms that our team had to overcome. We’ll also review new and upcoming Ionic features, and talk about the hidden powers and benefits of combining mobile app development and Angular.",
              "speakerNames": ["Ben Sperry", "Brandy Carney"],
              "timeStart": "2:45 pm",
              "timeEnd": "3:00 pm",
              "tracks": ["Design"]
            }
          ]
        },
        {
          "time": "3:00",
          "sessions": [
            {
              "name": "Directives in Ionic",
              "location": "Room 2201",
              "description": "Mobile devices and browsers are now advanced enough that developers can build native-quality mobile apps using open web technologies like HTML5, Javascript, and CSS. In this talk, we’ll provide background on why and how we created Ionic, the design decisions made as we integrated Ionic with Angular, and the performance considerations for mobile platforms that our team had to overcome. We’ll also review new and upcoming Ionic features, and talk about the hidden powers and benefits of combining mobile app development and Angular.",
              "speakerNames": ["Max Lynch"],
              "timeStart": "3:00 pm",
              "timeEnd": "3:30 pm",
              "tracks": ["Angular"]
            },
            {
              "name": "Mobile States",
              "location": "Room 2202",
              "description": "Mobile devices and browsers are now advanced enough that developers can build native-quality mobile apps using open web technologies like HTML5, Javascript, and CSS. In this talk, we’ll provide background on why and how we created Ionic, the design decisions made as we integrated Ionic with Angular, and the performance considerations for mobile platforms that our team had to overcome. We’ll also review new and upcoming Ionic features, and talk about the hidden powers and benefits of combining mobile app development and Angular.",
              "speakerNames": ["Tim Lancina"],
              "timeStart": "3:30 pm",
              "timeEnd": "3:45 pm",
              "tracks": ["Navigation"]
            }
          ]
        }
      ]
    }
  ],


  "speakers": [
    {
      "name": "Eric Bobbitt",
      "profilePic": "https://avatars3.githubusercontent.com/u/19638?v=3",
      "twitter": "ericbobbitt",
      "about": "When he's not arguing semantics, dancing at all the wrong times, or drawing randomly on the office whiteboards, you'll find him working on the Ionic Platform, planning new features, and not-so-silently cursing at his laptop. Otherwise he's probably feeding his gaming addiction with a glass of whiskey or a good Belgian beer.",
      "location": "Madison, WI"
    },
    {
      "name": "Adam Bradley",
      "profilePic": "https://avatars2.githubusercontent.com/u/452425?v=3",
      "twitter": "adamdbradley",
      "about": "Co-creator of Ionic Framework and Angular Material Design team member. Regularly writes and speaks about hybrid development with Ionic and Angular. Proud dad, husband, veteran, and dog's best friend. Based in beautiful Madison, WI.",
      "location": "Madison, WI"
    },
    {
      "name": "Brandy Carney",
      "profilePic": "https://avatars0.githubusercontent.com/u/6577830?v=3",
      "twitter": "brandyscarney",
      "about": "When she isn't busy keeping her two chihuahuas from killing each other, Brandy can be found making the Ionic SDK pretty by means of Sass. She loves helping people while continuing to expand her own knowledge. After hours she can be found on her patio shopping online with a glass of wine in hand. Give her a glass and she'll write some Sass.",
      "location": "Jacksonville, FL"
    },
    {
      "name": "Katie Ginder-Vogel",
      "profilePic": "https://avatars2.githubusercontent.com/u/8117985?v=3",
      "twitter": "katiegv",
      "about": "Katie handles Ionic’s marketing, communications, and editorial, writing blog posts about unique Ionic apps and dreaming up new ways to bring Ionic to developers around the world. Outside the office, she can be found on land, running or hiking, or in the water, swimming and paddleboarding.",
      "location": "Madison, WI"
    },
    {
      "name": "Perry Govier",
      "profilePic": "https://avatars1.githubusercontent.com/u/571056?v=3",
      "twitter": "perrygovier",
      "about": "Be it code, places, gadgets, food, or conversation, Perry loves to explore. While AFK he's probably biking around Madison, spending time with his wife and son, \"refactoring\" his house, or avoiding his overweight cat to whom he is very allergic and wishes was a dog.",
      "location": "Madison, WI"
    },
    {
      "name": "Mike Hartington",
      "profilePic": "https://avatars0.githubusercontent.com/u/2835826?v=3",
      "twitter": "mhartington",
      "about": "Deep in the frozen North, just before the great wall, a man sits with a laptop, surrounded by serval cups of coffee and a glass of whiskey. Traveling across this great kingdom, he enlightens other devs and shares his knowledge through the written and spoken word. When the laptop is not near, he often finds solace in music with his guitar.",
      "location": "Rhode Island"
    },
    {
      "name": "Dan Imhoff",
      "profilePic": "https://pbs.twimg.com/profile_images/627907755743952896/TEEur1pK.jpg",
      "twitter": "dwieeb",
      "about": "Dan \"the Sunshine Man\" builds awesome stuff for the Ionic Platform. When not shredding it in Vim, he can be found tearing over snow in his fat bike, attending the Madison tech meetups, ignorantly rating restaurants, taking a bunch of photographs at random cities and National Parks, or, possibly, still playing LEGOs.",
      "location": "Madison, WI"
    },
    {
      "name": "Brody Kidd",
      "profilePic": "https://avatars0.githubusercontent.com/u/5280265?v=3",
      "twitter": "brodymkidd",
      "about": "If you can’t find him on call, shuffling through email, poking around on a new CRM, in our live chat support, or white boarding new business development… Odds are he is surfing lake Michigan, fly fishing the gin clear streams of the driftless region, camping in the north woods, or milking his goats.",
      "location": "Madison, WI"
    },
    {
      "name": "Tim Lancina",
      "profilePic": "https://avatars2.githubusercontent.com/u/804331?v=3",
      "twitter": "timlancina",
      "about": "A temporarily embarrassed pro soccer player, Tim is fond of traveling the world and trying to convince his coworkers to eat bugs.  When not doing either of those, he is usually breaking things related to Ionic tooling, the platform, or the framework.",
      "location": "Madison, WI"
    },
    {
      "name": "Max Lynch",
      "profilePic": "https://avatars3.githubusercontent.com/u/11214?v=3",
      "twitter": "maxlynch",
      "about": "Max loves using the power of software to make technology more accessible to people around the world. When not writing code or obsessing over a crazy new idea, he can be found watching the Premier League, riding Snowmobiles in a very safe manner, and hanging out with his wife Melissa and two Cavalier King Charles Spaniels.",
      "location": "Madison, WI"
    },
    {
      "name": "Rudy Pelrine",
      "profilePic": "https://avatars0.githubusercontent.com/u/1584992?v=3",
      "twitter": "Drawn_Closer",
      "about": "A musician, DJ, sound engineer, photographer, and self proclaimed fashion nerd, Rudy seems to find a new obsession daily.  At Ionic, you'll find him working on the Platform services, making sure everyone's notifications arrive safe and sound.",
      "location": "Madison, WI"
    },
    {
      "name": "Drew Rygh",
      "profilePic": "https://avatars2.githubusercontent.com/u/2018508?v=3",
      "twitter": "ionicframework",
      "about": "On most days, you will find Drew devising dazzling demos, drafting documentation, and consuming copious quantities of caffeine. He is obsessed with clarity, and making Ionic easy and fun to use. When not working, you might find him walking around the UW-Madison campus, where he is studying philosophy and computer science.",
      "location": "Madison, WI"
    },
    {
      "name": "Ben Sperry",
      "profilePic": "https://avatars1.githubusercontent.com/u/519526?v=3",
      "twitter": "benjsperry",
      "about": "Ben is a user interface designer and front end tinkerer based in Madison, WI. He’s fascinated with making delightful human and machine interactions. He is also the co-founder of Ionic.",
      "location": "Madison, WI"
    }
  ],


  "map": [
    {
      "name": "Monona Terrace Convention Center",
      "lat": 43.071584,
      "lng": -89.380120,
      "center": true
    },
    {
      "name": "Ionic HQ",
      "lat": 43.074395,
      "lng": -89.381056
    },
    {
      "name": "Afterparty - Brocach Irish Pub",
      "lat": 43.07336,
      "lng": -89.38335
    }
  ]

}
